REC,RIA_RTE_ID,FRM_DFO,TO_DFO,HWY,HSYS,HNUM,DI,CO,CITY,RU,F_SYSTEM,SPD_MAX,HP_MED_W,NUM_LANES,SUR_W,ADT_YEAR,ADT_CUR,ADT_ADJ,TRK_AADT_PCT,AADT_TRUCKS,LANE_WIDTH,LEN_SEC,LN_MILES,DVMT,DTRKVMT,top10,ID,Corridor_ID,Shape_Length
1,IH0610-KG,7.951,8.004,IH0610,IH,610,12,102,19750,4,1,55,20,6,68,2019,209377,209377,4.4,9109,12,0.053,0.318,11096.981,482.777,1,1,1,0.053125
1,IH0610-KG,8.004,8.006,IH0610,IH,610,12,102,19750,4,1,55,20,6,68,2019,221024,221024,4.4,9783,12,0.002,0.012,442.048,19.566,1,2,2,0.002003
1,IH0610-KG,8.006,8.484,IH0610,IH,610,12,102,19750,4,1,60,26,8,96,2019,221024,221024,4.4,9783,12,0.478,3.824,105649.472,4676.274,1,3,3,0.478774
1,IH0610-KG,8.484,8.777,IH0610,IH,610,12,102,19750,4,1,60,26,8,96,2019,221024,221024,4.4,9783,12,0.293,2.344,64760.032,2866.419,1,4,4,0.2935
1,IH0610-KG,8.777,10,IH0610,IH,610,12,102,19750,4,1,60,26,8,96,2019,221024,221024,4.4,9783,12,1.223,9.784,270312.352,11964.609,1,5,5,1.22507
1,IH0610-KG,10,11.341,IH0610,IH,610,12,102,19750,4,1,60,26,8,96,2019,221024,221024,4.4,9783,12,1.341,10.728,296393.184,13119.003,1,6,6,1.343331
1,IH0610-KG,11.341,11.581,IH0610,IH,610,12,102,19750,4,1,55,32,8,120,2019,221024,221024,4.4,9783,13,0.24,1.92,53045.76,2347.92,1,7,7,0.240428
1,IH0610-KG,11.581,11.62,IH0610,IH,610,12,102,19750,4,1,55,32,8,98,2019,221024,221024,4.4,9783,12,0.039,0.312,8619.936,381.537,1,8,8,0.039008
1,IH0069-KG,28.63,28.693,IH0069,IH,69,12,102,19750,4,1,65,45,7,94,2019,316892,316892,3.8,12070,12,0.063,0.441,19964.196,760.41,2,9,1,0.063114
1,IH0069-KG,28.693,28.695,IH0069,IH,69,12,102,19750,4,1,65,45,7,94,2019,297342,297342,3.9,11589,12,0.002,0.014,594.684,23.178,2,10,2,0.002004
1,IH0069-KG,28.695,28.705,IH0069,IH,69,12,102,19750,4,1,60,61,10,122,2019,297342,297342,3.9,11589,12,0.01,0.1,2973.42,115.89,2,11,3,0.010016
1,IH0069-KG,28.705,29.219,IH0069,IH,69,12,102,19750,4,1,60,61,12,144,2019,297342,297342,3.9,11589,12,0.514,6.168,152833.788,5956.746,2,12,4,0.514869
1,IH0069-KG,29.219,29.795,IH0069,IH,69,12,102,19750,4,1,60,61,12,144,2019,297342,297342,3.9,11589,12,0.576,6.912,171268.992,6675.264,2,13,5,0.576948
1,IH0069-KG,29.795,29.851,IH0069,IH,69,12,102,19750,4,1,60,38,12,144,2019,297342,297342,3.9,11589,12,0.056,0.672,16651.152,648.984,2,14,6,0.056165
1,IH0069-KG,29.851,29.985,IH0069,IH,69,12,102,19750,4,1,60,38,12,144,2019,256208,256208,4.1,10578,12,0.134,1.608,34331.872,1417.452,2,15,7,0.13425
1,IH0069-KG,29.985,30.121,IH0069,IH,69,12,102,19750,4,1,60,51,10,120,2019,256208,256208,4.1,10578,11,0.136,1.36,34844.288,1438.608,2,16,8,0.136234
1,IH0069-KG,30.121,30.151,IH0069,IH,69,12,102,19750,4,1,60,50,10,110,2019,256208,256208,4.1,10578,11,0.03,0.3,7686.24,317.34,2,17,9,0.030052
1,IH0069-KG,30.151,30.226,IH0069,IH,69,12,102,19750,4,1,60,47,10,138,2019,256208,256208,4.1,10578,11,0.075,0.75,19215.6,793.35,2,18,10,0.075129
1,IH0069-KG,30.226,30.253,IH0069,IH,69,12,102,19750,4,1,60,47,10,141,2019,256208,256208,4.1,10578,11,0.027,0.27,6917.616,285.606,2,19,11,0.027046
1,IH0069-KG,30.253,30.294,IH0069,IH,69,12,102,19750,4,1,60,50,10,110,2019,256208,256208,4.1,10578,11,0.041,0.41,10504.528,433.698,2,20,12,0.041071
1,IH0069-KG,30.294,30.312,IH0069,IH,69,12,102,19750,4,1,60,62,10,142,2019,256208,256208,4.1,10578,11,0.018,0.18,4611.744,190.404,2,21,13,0.018024
1,IH0069-KG,30.312,30.359,IH0069,IH,69,12,102,19750,4,1,60,50,10,110,2019,256208,256208,4.1,10578,11,0.047,0.47,12041.776,497.166,2,22,14,0.047036
1,IH0069-KG,30.359,30.381,IH0069,IH,69,12,102,19750,4,1,60,48,10,142,2019,256208,256208,4.1,10578,11,0.022,0.22,5636.576,232.716,2,23,15,0.022019
1,IH0069-KG,30.381,30.395,IH0069,IH,69,12,102,19750,4,1,60,50,10,110,2019,256208,256208,4.1,10578,11,0.014,0.14,3586.912,148.092,2,24,16,0.014027
1,IH0069-KG,30.395,30.409,IH0069,IH,69,12,102,19750,4,1,60,47,10,141,2019,256208,256208,4.1,10578,11,0.014,0.14,3586.912,148.092,2,25,17,0.014027
1,IH0069-KG,30.409,30.481,IH0069,IH,69,12,102,19750,4,1,60,50,10,138,2019,256208,256208,4.1,10578,11,0.072,0.72,18446.976,761.616,2,26,18,0.072157
1,IH0069-KG,30.481,30.51,IH0069,IH,69,12,102,19750,4,1,60,50,10,110,2019,256208,256208,4.1,10578,11,0.029,0.29,7430.032,306.762,2,27,19,0.029073
1,IH0069-KG,30.51,30.572,IH0069,IH,69,12,102,19750,4,1,55,51,10,120,2019,256208,256208,4.1,10578,11,0.062,0.62,15884.896,655.836,2,28,20,0.062078
1,IH0069-KG,30.572,31.557,IH0069,IH,69,12,102,19750,4,1,60,42,10,120,2019,256208,256208,4.1,10578,12,0.985,9.85,252364.88,10419.33,2,29,21,0.986732
1,IH0069-KG,31.557,32.77,IH0069,IH,69,12,102,19750,4,1,60,28,10,124,2019,256208,256208,4.1,10578,12,1.213,12.13,310780.304,12831.114,2,30,22,1.215093
1,IH0069-KG,32.77,32.84,IH0069,IH,69,12,102,19750,4,1,55,28,6,72,2019,256208,256208,4.1,10578,12,0.07,0.42,17934.56,740.46,2,31,23,0.070104
1,IH0069-KG,32.84,33.053,IH0069,IH,69,12,102,19750,4,1,60,25,8,98,2019,256208,256208,4.1,10578,12,0.213,1.704,54572.304,2253.114,2,32,24,0.213382
1,IH0069-KG,33.053,33.054,IH0069,IH,69,12,102,19750,4,1,60,25,8,98,2019,256208,256208,4.1,10578,12,0.001,0.008,256.208,10.578,2,33,25,0.001001
1,IH0069-KG,33.054,33.731,IH0069,IH,69,12,102,19750,4,1,60,25,8,98,2019,185410,185410,4.8,8840,12,0.677,5.416,125522.57,5984.68,2,34,26,0.678206
1,IH0069-KG,33.731,34.025,IH0069,IH,69,12,102,19750,4,1,60,38,8,106,2019,185410,185410,4.8,8840,12,0.294,2.352,54510.54,2598.96,2,35,27,0.294514
1,IH0069-KG,34.025,34.138,IH0069,IH,69,12,102,19750,4,1,60,38,8,106,2019,185410,185410,4.8,8840,12,0.113,0.904,20951.33,998.92,2,36,28,0.113199
1,IH0069-KG,34.138,34.144,IH0069,IH,69,12,102,19750,4,1,60,38,8,106,2019,185410,185410,4.8,8840,12,0.006,0.048,1112.46,53.04,2,37,29,0.006023
1,IH0069-KG,34.144,34.432,IH0069,IH,69,12,102,19750,4,1,60,38,8,106,2019,162327,162327,7.1,11596,12,0.288,2.304,46750.176,3339.648,3,38,1,0.288467
1,IH0069-KG,34.432,34.49,IH0069,IH,69,12,102,19750,4,1,60,70,6,72,2019,162327,162327,7.1,11596,12,0.058,0.348,9414.966,672.568,3,39,2,0.058089
1,IH0069-KG,34.49,34.577,IH0069,IH,69,12,102,19750,4,1,60,70,6,72,2019,162327,162327,7.1,11596,12,0.087,0.522,14122.449,1008.852,3,40,3,0.087182
1,IH0069-KG,34.577,34.706,IH0069,IH,69,12,102,19750,4,1,60,70,6,72,2019,162327,162327,7.1,11596,12,0.129,0.774,20940.183,1495.884,3,41,4,0.129225
1,IH0069-KG,34.706,34.988,IH0069,IH,69,12,102,19750,4,1,60,66,6,76,2019,162327,162327,7.1,11596,12,0.282,1.692,45776.214,3270.072,3,42,5,0.282471
1,IH0069-KG,34.988,34.99,IH0069,IH,69,12,102,19750,4,1,60,66,6,76,2019,161500,161500,7.2,11566,12,0.002,0.012,323,23.132,3,43,6,0.002003
1,IH0069-KG,34.99,35.052,IH0069,IH,69,12,102,19750,4,1,60,66,6,76,2019,161500,161500,7.2,11566,12,0.062,0.372,10013,717.092,3,44,7,0.062117
1,IH0069-KG,35.052,35.159,IH0069,IH,69,12,102,19750,4,1,60,26,6,104,2019,161500,161500,7.2,11566,12,0.107,0.642,17280.5,1237.562,3,45,8,0.107176
1,IH0069-KG,35.159,35.223,IH0069,IH,69,12,102,19750,4,1,60,70,6,104,2019,161500,161500,7.2,11566,12,0.064,0.384,10336,740.224,3,46,9,0.064092
1,IH0069-KG,35.223,35.257,IH0069,IH,69,12,102,19750,4,1,60,38,8,96,2019,161500,161500,7.2,11566,12,0.034,0.272,5491,393.244,3,47,10,0.034058
1,IH0069-KG,35.257,35.303,IH0069,IH,69,12,102,19750,4,1,60,38,8,96,2019,161500,161500,7.2,11566,12,0.046,0.368,7429,532.036,3,48,11,0.046107
1,IH0069-KG,35.303,35.859,IH0069,IH,69,12,102,19750,4,1,60,38,8,96,2019,161500,161500,7.2,11566,12,0.556,4.448,89794,6430.696,3,49,12,0.556941
1,IH0069-KG,35.859,36.184,IH0069,IH,69,12,102,19750,4,1,60,38,8,96,2019,161500,161500,7.2,11566,12,0.325,2.6,52487.5,3758.95,3,50,13,0.32554
1,IH0069-KG,36.184,36.302,IH0069,IH,69,12,102,19750,4,1,60,24,8,104,2019,161500,161500,7.2,11566,12,0.118,0.944,19057,1364.788,3,51,14,0.118246
1,IH0069-KG,36.302,36.313,IH0069,IH,69,12,102,19750,4,1,60,24,8,104,2019,161500,161500,7.2,11566,12,0.011,0.088,1776.5,127.226,3,52,15,0.011021
1,IH0069-KG,36.313,36.408,IH0069,IH,69,12,102,19750,4,1,60,24,8,104,2019,161500,161500,7.2,11566,12,0.095,0.76,15342.5,1098.77,3,53,16,0.095175
1,IH0069-KG,36.408,36.79,IH0069,IH,69,12,102,19750,4,1,60,24,8,104,2019,106640,106640,9,9582,12,0.382,3.056,40736.48,3660.324,3,54,17,0.382661
1,IH0069-KG,36.79,36.912,IH0069,IH,69,12,102,19750,4,1,60,24,8,104,2019,106640,106640,9,9582,12,0.122,0.976,13010.08,1169.004,3,55,18,0.12219
1,IH0069-KG,36.912,36.921,IH0069,IH,69,12,102,19750,4,1,60,24,6,104,2019,106640,106640,9,9582,12,0.009,0.054,959.76,86.238,3,56,19,0.008994
1,IH0069-KG,36.921,37.031,IH0069,IH,69,12,102,19750,4,1,55,24,6,104,2019,106640,106640,9,9582,12,0.11,0.66,11730.4,1054.02,3,57,20,0.110237
1,IH0069-KG,37.031,37.158,IH0069,IH,69,12,102,19750,4,1,60,65,8,104,2019,106640,106640,9,9582,12,0.127,1.016,13543.28,1216.914,3,58,21,0.127203
1,IH0069-KG,37.158,37.165,IH0069,IH,69,12,102,19750,4,1,60,65,8,104,2019,162215,162215,7.1,11591,12,0.007,0.056,1135.505,81.137,3,59,22,0.007007
1,IH0045-KG,40.598,40.82,IH0045,IH,45,12,102,19750,4,1,60,46,8,96,2019,183783,183783,8.4,15374,12,0.222,1.776,40799.826,3413.028,4,60,1,0.222534
1,IH0045-KG,40.82,40.977,IH0045,IH,45,12,102,19750,4,1,60,20,8,120,2019,183783,183783,8.4,15374,15,0.157,1.256,28853.931,2413.718,4,61,2,0.156794
1,IH0045-KG,40.977,41.235,IH0045,IH,45,12,102,19750,4,1,60,20,8,120,2019,183783,183783,8.4,15374,15,0.258,2.064,47416.014,3966.492,4,62,3,0.258141
1,IH0045-KG,41.235,41.309,IH0045,IH,45,12,102,19750,4,1,60,20,8,120,2019,183783,183783,8.4,15374,15,0.074,0.592,13599.942,1137.676,4,63,4,0.074139
1,IH0045-KG,41.309,41.544,IH0045,IH,45,12,102,19750,4,1,60,20,8,120,2019,183783,183783,8.4,15374,15,0.235,1.88,43189.005,3612.89,4,64,5,0.23544
1,IH0045-KG,41.544,41.951,IH0045,IH,45,12,102,19750,4,1,55,20,8,120,2019,183783,183783,8.4,15374,15,0.407,3.256,74799.681,6257.218,4,65,6,0.407776
1,IH0045-KG,41.951,42.027,IH0045,IH,45,12,102,19750,4,1,55,20,8,120,2019,183783,183783,8.4,15374,15,0.076,0.608,13967.508,1168.424,4,66,7,0.076209
1,IH0045-KG,42.027,42.159,IH0045,IH,45,12,102,19750,4,1,55,20,8,120,2019,183783,183783,8.4,15374,15,0.132,1.056,24259.356,2029.368,4,67,8,0.132362
1,IH0045-KG,42.159,42.923,IH0045,IH,45,12,102,19750,4,1,55,20,8,120,2019,183783,183783,8.4,15374,15,0.764,6.112,140410.212,11745.736,4,68,9,0.765139
1,IH0045-KG,42.923,43.279,IH0045,IH,45,12,102,19750,4,1,55,20,6,72,2019,183783,183783,8.4,15374,12,0.356,2.136,65426.748,5473.144,4,69,10,0.357202
1,IH0045-KG,43.279,44.905,IH0045,IH,45,12,102,19750,4,1,55,20,8,120,2019,183783,183783,8.4,15374,15,1.626,13.008,298831.158,24998.124,4,70,11,1.627835
1,IH0045-KG,44.905,44.992,IH0045,IH,45,12,102,19750,4,1,60,6,6,72,2019,183783,183783,8.4,15374,12,0.087,0.522,15989.121,1337.538,4,71,12,0.087148
1,IH0045-KG,44.992,45.614,IH0045,IH,45,12,102,19750,4,1,60,6,6,72,2019,204123,204123,7.9,16148,12,0.622,3.732,126964.506,10044.056,4,72,13,0.62337
1,IH0045-KG,45.614,45.821,IH0045,IH,45,12,102,19750,4,1,60,6,6,72,2019,187673,187673,8.3,15522,12,0.207,1.242,38848.311,3213.054,4,73,14,0.207317
1,IH0045-KG,45.821,45.926,IH0045,IH,45,12,102,19750,4,1,60,6,6,72,2019,187673,187673,8.3,15522,12,0.105,0.63,19705.665,1629.81,4,74,15,0.105314
1,IH0045-KG,45.926,46.022,IH0045,IH,45,12,102,19750,4,1,60,6,6,72,2019,187673,187673,8.3,15522,12,0.096,0.576,18016.608,1490.112,4,75,16,0.09635
1,IH0045-KG,46.022,46.104,IH0045,IH,45,12,102,19750,4,1,60,6,6,72,2019,187673,187673,8.3,15522,12,0.082,0.492,15389.186,1272.804,4,76,17,0.082423
1,IH0045-KG,46.104,46.212,IH0045,IH,45,12,102,19750,4,1,60,6,6,72,2019,230232,230232,7.4,17141,12,0.108,0.648,24865.056,1851.228,4,77,18,0.107629
1,IH0045-KG,46.212,46.62,IH0045,IH,45,12,102,19750,4,1,60,48,8,100,2019,230232,230232,7.4,17141,12,0.408,3.264,93934.656,6993.528,4,78,19,0.408868
1,IH0045-KG,46.62,47.051,IH0045,IH,45,12,102,19750,4,1,60,48,8,100,2019,230232,230232,7.4,17141,12,0.431,3.448,99229.992,7387.771,4,79,20,0.432153
1,IH0045-KG,47.051,47.867,IH0045,IH,45,12,102,19750,4,1,60,3,8,98,2019,230232,230232,7.4,17141,12,0.816,6.528,187869.312,13987.056,4,80,21,0.817331
1,IH0045-KG,47.867,47.903,IH0045,IH,45,12,102,19750,4,1,60,3,8,120,2019,230232,230232,7.4,17141,14,0.036,0.288,8288.352,617.076,4,81,22,0.036065
1,IH0045-KG,47.903,48.314,IH0045,IH,45,12,102,19750,4,1,60,3,10,134,2019,230232,230232,7.4,17141,11,0.411,4.11,94625.352,7044.951,4,82,23,0.411467
1,IH0045-KG,48.314,48.49,IH0045,IH,45,12,102,19750,4,1,60,3,8,99,2019,230232,230232,7.4,17141,11,0.176,1.408,40520.832,3016.816,4,83,24,0.176368
1,IH0010-KG,751.727,751.912,IH0010,IH,10,12,102,19750,4,1,55,40,6,72,2019,229682,229682,8.6,19863,12,0.185,1.11,42491.17,3674.655,5,84,1,0.185444
1,IH0010-KG,751.912,753.557,IH0010,IH,10,12,102,19750,4,1,55,40,6,72,2019,229682,229682,8.6,19863,12,1.645,9.87,377826.89,32674.635,5,85,2,1.64797
1,IH0010-KG,753.557,753.904,IH0010,IH,10,12,102,19750,4,1,55,40,6,72,2019,313693,313693,7.4,23271,12,0.347,2.082,108851.471,8075.037,5,86,3,0.347388
1,IH0010-KG,753.904,754.296,IH0010,IH,10,12,102,19750,4,1,55,20,7,97,2019,313693,313693,7.4,23271,12,0.392,2.744,122967.656,9122.232,5,87,4,0.392542
1,IH0010-KG,754.296,755.187,IH0010,IH,10,12,102,19750,4,1,60,20,6,86,2019,313693,313693,7.4,23271,12,0.891,5.346,279500.463,20734.461,5,88,5,0.89222
1,IH0010-KG,755.187,755.189,IH0010,IH,10,12,102,19750,4,1,60,20,6,86,2019,312068,312068,6,18685,12,0.002,0.012,624.136,37.37,5,89,6,0.002011
1,IH0610-KG,11.62,11.621,IH0610,IH,610,12,102,19750,4,1,55,32,8,98,2019,195292,195292,5.7,11212,12,0.001,0.008,195.292,11.212,6,90,1,0.001001
1,IH0610-KG,11.621,11.829,IH0610,IH,610,12,102,19750,4,1,55,32,8,98,2019,195292,195292,5.7,11212,12,0.208,1.664,40620.736,2332.096,6,91,2,0.208375
1,IH0610-KG,11.829,11.867,IH0610,IH,610,12,102,19750,4,1,55,32,8,98,2019,195292,195292,5.7,11212,12,0.038,0.304,7421.096,426.056,6,92,3,0.038105
1,IH0610-KG,11.867,12.227,IH0610,IH,610,12,102,19750,4,1,55,32,8,98,2019,195292,195292,5.7,11212,12,0.36,2.88,70305.12,4036.32,6,93,4,0.360574
1,IH0610-KG,12.227,12.945,IH0610,IH,610,12,102,19750,4,1,60,22,12,144,2019,195292,195292,5.7,11212,12,0.718,8.616,140219.656,8050.216,6,94,5,0.719191
1,IH0610-KG,12.945,12.951,IH0610,IH,610,12,102,19750,4,1,60,22,12,144,2019,195292,195292,5.7,11212,12,0.006,0.072,1171.752,67.272,6,95,6,0.006012
1,IH0610-KG,12.951,13.276,IH0610,IH,610,12,102,19750,4,1,60,22,12,144,2019,195292,195292,5.7,11212,12,0.325,3.9,63469.9,3643.9,6,96,7,0.325551
1,IH0610-KG,13.276,13.654,IH0610,IH,610,12,102,19750,4,1,60,22,12,144,2019,180951,180951,9.3,16839,12,0.378,4.536,68399.478,6365.142,6,97,8,0.3787
1,IH0610-KG,13.654,15.706,IH0610,IH,610,12,102,19750,4,1,60,26,8,96,2019,180951,180951,9.3,16839,12,2.052,16.416,371311.452,34553.628,6,98,9,2.055474
1,IH0610-KG,15.706,17.694,IH0610,IH,610,12,102,19750,4,1,60,26,8,96,2019,198443,198443,8.9,17624,12,1.988,15.904,394504.684,35036.512,6,99,10,1.991442
1,IH0610-KG,17.694,17.785,IH0610,IH,610,12,102,19750,4,1,60,44,8,96,2019,198443,198443,8.9,17624,12,0.091,0.728,18058.313,1603.784,6,100,11,0.09115
1,IH0610-KG,17.785,17.84,IH0610,IH,610,12,102,19750,4,1,60,44,8,96,2019,198443,198443,8.9,17624,12,0.055,0.44,10914.365,969.32,6,101,12,0.05507
1,IH0610-KG,17.84,17.841,IH0610,IH,610,12,102,19750,4,1,60,44,8,96,2019,181993,181993,9.3,16887,12,0.001,0.008,181.993,16.887,6,102,13,0.000901
1,IH0045-KG,51.6,51.725,IH0045,IH,45,12,102,19750,4,1,60,26,10,120,2019,250224,250224,6.3,15864,12,0.125,1.25,31278,1983,7,103,1,0.12567
1,IH0045-KG,51.725,52.051,IH0045,IH,45,12,102,19750,4,1,60,26,8,96,2019,250224,250224,6.3,15864,12,0.326,2.608,81573.024,5171.664,7,104,2,0.32667
1,IH0045-KG,52.051,54.018,IH0045,IH,45,12,102,19750,4,1,60,26,8,96,2019,250224,250224,6.3,15864,12,1.967,15.736,492190.608,31204.488,7,105,3,1.970599
1,IH0045-KG,54.018,54.833,IH0045,IH,45,12,102,19750,4,1,60,26,8,96,2019,224635,224635,6.7,14998,12,0.815,6.52,183077.525,12223.37,7,106,4,0.816302
1,IH0045-KG,54.833,55.134,IH0045,IH,45,12,102,19750,4,1,60,26,8,96,2019,224635,224635,6.7,14998,12,0.301,2.408,67615.135,4514.398,7,107,5,0.301628
1,IH0045-KG,55.134,55.451,IH0045,IH,45,12,102,19750,4,1,60,26,8,96,2019,242640,242640,6.4,15607,12,0.317,2.536,76916.88,4947.419,7,108,6,0.317302
1,IH0045-KG,55.451,55.463,IH0045,IH,45,12,102,19750,4,1,60,28,8,120,2019,242640,242640,6.4,15607,12,0.012,0.096,2911.68,187.284,7,109,7,0.012013
1,IH0045-KG,55.463,56.516,IH0045,IH,45,12,102,19750,4,1,60,28,8,172,2019,242640,242640,6.4,15607,15,1.053,8.424,255499.92,16434.171,7,110,8,1.054577
1,IH0045-KG,56.516,56.517,IH0045,IH,45,12,102,19750,4,1,60,28,8,172,2019,256245,256245,6.3,16064,15,0.001,0.008,256.245,16.064,7,111,9,0.000993
1,IH0045-KG,56.517,57.925,IH0045,IH,45,12,102,19750,4,1,60,28,8,172,2019,256245,256245,6.3,16064,15,1.408,11.264,360792.96,22618.112,7,112,10,1.410717
1,IH0045-KG,57.925,57.947,IH0045,IH,45,12,102,19750,4,1,60,28,8,172,2019,257348,257348,6.3,16104,15,0.022,0.176,5661.656,354.288,7,113,11,0.022031
1,IH0045-KG,57.947,59.781,IH0045,IH,45,12,102,19750,4,1,60,28,8,172,2019,257348,257348,6.3,16104,15,1.834,14.672,471976.232,29534.736,7,114,12,1.837242
1,IH0045-KG,59.781,60.857,IH0045,IH,45,12,102,19750,4,1,60,40,8,96,2019,257348,257348,6.3,16104,12,1.076,8.608,276906.448,17327.904,7,115,13,1.077969
1,IH0045-KG,60.857,60.858,IH0045,IH,45,12,102,19750,4,1,60,40,8,96,2019,278232,278232,6.7,18671,12,0.001,0.008,278.232,18.671,7,116,14,0.000999
1,IH0045-KG,60.858,60.96,IH0045,IH,45,12,102,19750,4,1,60,40,8,96,2019,278232,278232,6.7,18671,12,0.102,0.816,28379.664,1904.442,7,117,15,0.102211
1,IH0010-KG,767.458,767.544,IH0010,IH,10,12,102,19750,4,1,55,40,8,96,2019,125804,125804,8.2,10339,12,0.086,0.688,10819.144,889.154,8,118,1,0.086092
1,IH0010-KG,767.544,767.925,IH0010,IH,10,12,102,19750,4,1,55,40,8,96,2019,168987,168987,10.5,17764,12,0.381,3.048,64384.047,6768.084,8,119,2,0.381526
1,IH0010-KG,767.925,768.017,IH0010,IH,10,12,102,19750,4,1,55,20,6,92,2019,168987,168987,10.5,17764,11,0.092,0.552,15546.804,1634.288,8,120,3,0.092207
1,IH0010-KG,768.017,768.228,IH0010,IH,10,12,102,19750,4,1,55,20,6,86,2019,168987,168987,10.5,17764,12,0.211,1.266,35656.257,3748.204,8,121,4,0.211249
1,IH0010-KG,768.228,768.324,IH0010,IH,10,12,102,19750,4,1,55,40,8,96,2019,168987,168987,10.5,17764,12,0.096,0.768,16222.752,1705.344,8,122,5,0.095994
1,IH0010-KG,768.324,769.028,IH0010,IH,10,12,102,19750,4,1,55,40,8,96,2019,168987,168987,10.5,17764,12,0.704,5.632,118966.848,12505.856,8,123,6,0.70592
1,IH0010-KG,769.028,769.03,IH0010,IH,10,12,102,19750,4,1,55,40,8,96,2019,184317,184317,10.1,18578,12,0.002,0.016,368.634,37.156,8,124,7,0.002014
1,IH0010-KG,755.189,757.346,IH0010,IH,10,12,102,19750,4,1,60,20,6,86,2019,312068,312068,6,18685,12,2.157,12.942,673130.676,40303.545,9,125,1,2.161539
1,IH0010-KG,757.346,757.765,IH0010,IH,10,12,102,19750,4,1,60,20,6,86,2019,312068,312068,6,18685,12,0.419,2.514,130756.492,7829.015,9,126,2,0.419558
1,IH0010-KG,757.765,758.108,IH0010,IH,10,12,102,40500,4,1,60,20,6,86,2019,312068,312068,6,18685,12,0.343,2.058,107039.324,6408.955,9,127,3,0.343635
1,IH0010-KG,758.108,758.944,IH0010,IH,10,12,102,40500,4,1,60,20,6,86,2019,312068,312068,6,18685,12,0.836,5.016,260888.848,15620.66,9,128,4,0.837242
1,IH0010-KG,758.944,759.056,IH0010,IH,10,12,102,40500,4,1,60,50,12,144,2019,312068,312068,6,18685,12,0.112,1.344,34951.616,2092.72,9,129,5,0.111955
1,IH0010-KG,759.056,759.487,IH0010,IH,10,12,102,40500,4,1,60,50,12,144,2019,320892,320892,5.9,18946,12,0.431,5.172,138304.452,8165.726,9,130,6,0.431723
1,IH0010-KG,759.487,759.593,IH0010,IH,10,12,102,40500,4,1,60,20,8,123,2019,320892,320892,5.9,18946,11,0.106,0.848,34014.552,2008.276,9,131,7,0.106246
1,IH0010-KG,759.593,759.788,IH0010,IH,10,12,102,40500,4,1,55,20,8,123,2019,320892,320892,5.9,18946,11,0.195,1.56,62573.94,3694.47,9,132,8,0.195901
1,IH0010-KG,759.788,760.097,IH0010,IH,10,12,102,19750,4,1,55,20,8,123,2019,320892,320892,5.9,18946,11,0.309,2.472,99155.628,5854.314,9,133,9,0.30921
1,IH0010-KG,760.097,760.185,IH0010,IH,10,12,102,19750,4,1,55,20,8,123,2019,320892,320892,5.9,18946,11,0.088,0.704,28238.496,1667.248,9,134,10,0.08805
1,IH0010-KG,760.185,760.601,IH0010,IH,10,12,102,19750,4,1,55,4,10,156,2019,320892,320892,5.9,18946,12,0.416,4.16,133491.072,7881.536,9,135,11,0.416431
1,IH0010-KG,760.601,760.786,IH0010,IH,10,12,102,19750,4,1,55,20,10,154,2019,320892,320892,5.9,18946,12,0.185,1.85,59365.02,3505.01,9,136,12,0.185412
1,IH0010-KG,760.786,760.828,IH0010,IH,10,12,102,19750,4,1,55,20,10,154,2019,320892,320892,5.9,18946,12,0.042,0.42,13477.464,795.732,9,137,13,0.042065
1,IH0010-KG,760.828,761.17,IH0010,IH,10,12,102,19750,4,1,55,40,10,124,2019,320892,320892,5.9,18946,12,0.342,3.42,109745.064,6479.532,9,138,14,0.342416
1,IH0010-KG,761.17,761.656,IH0010,IH,10,12,102,19750,4,1,55,40,10,120,2019,320892,320892,5.9,18946,12,0.486,4.86,155953.512,9207.756,9,139,15,0.487181
1,IH0010-KG,761.656,761.804,IH0010,IH,10,12,102,19750,4,1,55,40,10,120,2019,320892,320892,5.9,18946,12,0.148,1.48,47492.016,2804.008,9,140,16,0.148608
1,IH0010-KG,761.804,761.806,IH0010,IH,10,12,102,19750,4,1,55,40,10,120,2019,273454,273454,6.4,17544,12,0.002,0.02,546.908,35.088,9,141,17,0.002009
1,IH0045-KG,48.892,49.313,IH0045,IH,45,12,102,19750,4,1,60,26,8,104,2019,208379,208379,4.8,10094,12,0.421,3.368,87727.559,4249.574,10,142,1,0.421585
1,IH0045-KG,49.313,49.843,IH0045,IH,45,12,102,19750,4,1,60,26,8,104,2019,208555,208555,4.8,10098,12,0.53,4.24,110534.15,5351.94,10,143,2,0.531486
1,IH0045-KG,49.843,50,IH0045,IH,45,12,102,19750,4,1,55,26,10,134,2019,208555,208555,4.8,10098,11,0.157,1.57,32743.135,1585.386,10,144,3,0.157293
1,IH0045-KG,50,50.039,IH0045,IH,45,12,102,19750,4,1,60,22,10,134,2019,208555,208555,4.8,10098,11,0.039,0.39,8133.645,393.822,10,145,4,0.038949
1,IH0045-KG,50.039,50.129,IH0045,IH,45,12,102,19750,4,1,60,22,6,82,2019,208555,208555,4.8,10098,12,0.09,0.54,18769.95,908.82,10,146,5,0.090002
1,IH0045-KG,50.129,50.235,IH0045,IH,45,12,102,19750,4,1,60,22,6,82,2019,208555,208555,4.8,10098,12,0.106,0.636,22106.83,1070.388,10,147,6,0.106326
1,IH0045-KG,50.235,50.236,IH0045,IH,45,12,102,19750,4,1,60,22,6,72,2019,208555,208555,4.8,10098,12,0.001,0.006,208.555,10.098,10,148,7,0.001003
1,IH0045-KG,50.236,50.482,IH0045,IH,45,12,102,19750,4,1,60,22,6,72,2019,208555,208555,4.8,10098,12,0.246,1.476,51304.53,2484.108,10,149,8,0.246456
1,IH0045-KG,50.482,51.599,IH0045,IH,45,12,102,19750,4,1,60,26,10,120,2019,208555,208555,4.8,10098,12,1.117,11.17,232955.935,11279.466,10,150,9,1.118459
1,IH0045-KG,51.599,51.6,IH0045,IH,45,12,102,19750,4,1,60,26,10,120,2019,208555,208555,4.8,10098,12,0.001,0.01,208.555,10.098,10,151,10,0.001
