ID,RIA_RTE_ID,FRM_DFO,TO_DFO,HWY,HSYS,HNUM,DI,CO,CITY,RU,F_SYSTEM,SPD_MAX,HP_MED_W,NUM_LANES,SUR_W,ADT_YEAR,ADT_CUR,ADT_ADJ,TRK_AADT_PCT,AADT_TRUCKS,LANE_WIDTH,LEN_SEC,LN_MILES,DVMT,DTRKVMT,top10,Corridor_ID,Shape_Length
1,IH0610-KG,7.9510000000000005,8.004,IH0610,IH,610,12,102,19750,4,1,55,20,6,68,2019,209377,209377,4.4,9109,12,0.053,0.318,11096.981000000002,482.777,1,1,0.053125
2,IH0610-KG,8.004,8.006,IH0610,IH,610,12,102,19750,4,1,55,20,6,68,2019,221024,221024,4.4,9783,12,0.002,0.012,442.048,19.566,1,2,0.002003
3,IH0610-KG,8.006,8.484,IH0610,IH,610,12,102,19750,4,1,60,26,8,96,2019,221024,221024,4.4,9783,12,0.478,3.824,105649.472,4676.274,1,3,0.478774
4,IH0610-KG,8.484,8.777000000000001,IH0610,IH,610,12,102,19750,4,1,60,26,8,96,2019,221024,221024,4.4,9783,12,0.293,2.344,64760.032,2866.4190000000003,1,4,0.2935
5,IH0610-KG,8.777000000000001,10.0,IH0610,IH,610,12,102,19750,4,1,60,26,8,96,2019,221024,221024,4.4,9783,12,1.2229999999999999,9.783999999999999,270312.352,11964.608999999999,1,5,1.22507
6,IH0610-KG,10.0,11.341,IH0610,IH,610,12,102,19750,4,1,60,26,8,96,2019,221024,221024,4.4,9783,12,1.341,10.728,296393.184,13119.003,1,6,1.343331
7,IH0610-KG,11.341,11.581,IH0610,IH,610,12,102,19750,4,1,55,32,8,120,2019,221024,221024,4.4,9783,13,0.24,1.92,53045.76,2347.92,1,7,0.24042800000000003
8,IH0610-KG,11.581,11.62,IH0610,IH,610,12,102,19750,4,1,55,32,8,98,2019,221024,221024,4.4,9783,12,0.039,0.312,8619.936,381.537,1,8,0.039008
9,IH0069-KG,28.63,28.693,IH0069,IH,69,12,102,19750,4,1,65,45,7,94,2019,316892,316892,3.8,12070,12,0.063,0.441,19964.196,760.41,2,1,0.063114
10,IH0069-KG,28.693,28.695,IH0069,IH,69,12,102,19750,4,1,65,45,7,94,2019,297342,297342,3.9,11589,12,0.002,0.013999999999999999,594.684,23.178,2,2,0.0020039999999999997
11,IH0069-KG,28.695,28.705,IH0069,IH,69,12,102,19750,4,1,60,61,10,122,2019,297342,297342,3.9,11589,12,0.01,0.1,2973.42,115.89,2,3,0.010015999999999999
12,IH0069-KG,28.705,29.219,IH0069,IH,69,12,102,19750,4,1,60,61,12,144,2019,297342,297342,3.9,11589,12,0.514,6.167999999999999,152833.788,5956.746,2,4,0.5148689999999999
13,IH0069-KG,29.219,29.795,IH0069,IH,69,12,102,19750,4,1,60,61,12,144,2019,297342,297342,3.9,11589,12,0.5760000000000001,6.912000000000001,171268.992,6675.264,2,5,0.5769479999999999
14,IH0069-KG,29.795,29.851,IH0069,IH,69,12,102,19750,4,1,60,38,12,144,2019,297342,297342,3.9,11589,12,0.055999999999999994,0.672,16651.152,648.984,2,6,0.056165
15,IH0069-KG,29.851,29.985,IH0069,IH,69,12,102,19750,4,1,60,38,12,144,2019,256208,256208,4.1,10578,12,0.134,1.608,34331.872,1417.4520000000002,2,7,0.13425
16,IH0069-KG,29.985,30.121,IH0069,IH,69,12,102,19750,4,1,60,51,10,120,2019,256208,256208,4.1,10578,11,0.136,1.36,34844.288,1438.608,2,8,0.136234
17,IH0069-KG,30.121,30.151,IH0069,IH,69,12,102,19750,4,1,60,50,10,110,2019,256208,256208,4.1,10578,11,0.03,0.3,7686.24,317.34,2,9,0.030052
18,IH0069-KG,30.151,30.226,IH0069,IH,69,12,102,19750,4,1,60,47,10,138,2019,256208,256208,4.1,10578,11,0.075,0.75,19215.6,793.35,2,10,0.075129
19,IH0069-KG,30.226,30.253,IH0069,IH,69,12,102,19750,4,1,60,47,10,141,2019,256208,256208,4.1,10578,11,0.027000000000000003,0.27,6917.616,285.606,2,11,0.027045999999999997
20,IH0069-KG,30.253,30.294,IH0069,IH,69,12,102,19750,4,1,60,50,10,110,2019,256208,256208,4.1,10578,11,0.040999999999999995,0.41,10504.528,433.69800000000004,2,12,0.041070999999999996
21,IH0069-KG,30.294,30.311999999999998,IH0069,IH,69,12,102,19750,4,1,60,62,10,142,2019,256208,256208,4.1,10578,11,0.018000000000000002,0.18,4611.744000000001,190.40400000000002,2,13,0.018024000000000002
22,IH0069-KG,30.311999999999998,30.359,IH0069,IH,69,12,102,19750,4,1,60,50,10,110,2019,256208,256208,4.1,10578,11,0.047,0.47,12041.776000000002,497.166,2,14,0.047036
23,IH0069-KG,30.359,30.381,IH0069,IH,69,12,102,19750,4,1,60,48,10,142,2019,256208,256208,4.1,10578,11,0.022000000000000002,0.22,5636.576,232.71599999999998,2,15,0.022019
24,IH0069-KG,30.381,30.395,IH0069,IH,69,12,102,19750,4,1,60,50,10,110,2019,256208,256208,4.1,10578,11,0.013999999999999999,0.14,3586.9120000000003,148.092,2,16,0.014027000000000001
25,IH0069-KG,30.395,30.409000000000002,IH0069,IH,69,12,102,19750,4,1,60,47,10,141,2019,256208,256208,4.1,10578,11,0.013999999999999999,0.14,3586.9120000000003,148.092,2,17,0.014027000000000001
26,IH0069-KG,30.409000000000002,30.480999999999998,IH0069,IH,69,12,102,19750,4,1,60,50,10,138,2019,256208,256208,4.1,10578,11,0.07200000000000001,0.72,18446.976000000002,761.6160000000001,2,18,0.072157
27,IH0069-KG,30.480999999999998,30.51,IH0069,IH,69,12,102,19750,4,1,60,50,10,110,2019,256208,256208,4.1,10578,11,0.028999999999999998,0.29,7430.031999999999,306.762,2,19,0.029073
28,IH0069-KG,30.51,30.572,IH0069,IH,69,12,102,19750,4,1,55,51,10,120,2019,256208,256208,4.1,10578,11,0.062,0.62,15884.896,655.836,2,20,0.062077999999999994
29,IH0069-KG,30.572,31.557,IH0069,IH,69,12,102,19750,4,1,60,42,10,120,2019,256208,256208,4.1,10578,12,0.985,9.85,252364.88,10419.33,2,21,0.9867319999999999
30,IH0069-KG,31.557,32.77,IH0069,IH,69,12,102,19750,4,1,60,28,10,124,2019,256208,256208,4.1,10578,12,1.213,12.13,310780.304,12831.114,2,22,1.215093
31,IH0069-KG,32.77,32.84,IH0069,IH,69,12,102,19750,4,1,55,28,6,72,2019,256208,256208,4.1,10578,12,0.07,0.42,17934.56,740.46,2,23,0.070104
32,IH0069-KG,32.84,33.053000000000004,IH0069,IH,69,12,102,19750,4,1,60,25,8,98,2019,256208,256208,4.1,10578,12,0.213,1.704,54572.304000000004,2253.114,2,24,0.21338200000000002
33,IH0069-KG,33.053000000000004,33.054,IH0069,IH,69,12,102,19750,4,1,60,25,8,98,2019,256208,256208,4.1,10578,12,0.001,0.008,256.20799999999997,10.578,2,25,0.001001
34,IH0069-KG,33.054,33.731,IH0069,IH,69,12,102,19750,4,1,60,25,8,98,2019,185410,185410,4.8,8840,12,0.677,5.416,125522.57,5984.68,2,26,0.6782060000000001
35,IH0069-KG,33.731,34.025,IH0069,IH,69,12,102,19750,4,1,60,38,8,106,2019,185410,185410,4.8,8840,12,0.294,2.352,54510.54,2598.96,2,27,0.294514
36,IH0069-KG,34.025,34.138000000000005,IH0069,IH,69,12,102,19750,4,1,60,38,8,106,2019,185410,185410,4.8,8840,12,0.113,0.904,20951.33,998.92,2,28,0.113199
37,IH0069-KG,34.138000000000005,34.144,IH0069,IH,69,12,102,19750,4,1,60,38,8,106,2019,185410,185410,4.8,8840,12,0.006,0.048,1112.46,53.04,2,29,0.006023
38,IH0069-KG,34.144,34.431999999999995,IH0069,IH,69,12,102,19750,4,1,60,38,8,106,2019,162327,162327,7.1,11596,12,0.28800000000000003,2.3040000000000003,46750.176,3339.6479999999997,3,1,0.28846700000000003
39,IH0069-KG,34.431999999999995,34.49,IH0069,IH,69,12,102,19750,4,1,60,70,6,72,2019,162327,162327,7.1,11596,12,0.057999999999999996,0.348,9414.966,672.568,3,2,0.058089
40,IH0069-KG,34.49,34.577,IH0069,IH,69,12,102,19750,4,1,60,70,6,72,2019,162327,162327,7.1,11596,12,0.087,0.522,14122.448999999999,1008.852,3,3,0.08718200000000001
41,IH0069-KG,34.577,34.705999999999996,IH0069,IH,69,12,102,19750,4,1,60,70,6,72,2019,162327,162327,7.1,11596,12,0.129,0.774,20940.183,1495.884,3,4,0.129225
42,IH0069-KG,34.705999999999996,34.988,IH0069,IH,69,12,102,19750,4,1,60,66,6,76,2019,162327,162327,7.1,11596,12,0.282,1.692,45776.21400000001,3270.072,3,5,0.282471
43,IH0069-KG,34.988,34.99,IH0069,IH,69,12,102,19750,4,1,60,66,6,76,2019,161500,161500,7.2,11566,12,0.002,0.012,323.0,23.131999999999998,3,6,0.002003
44,IH0069-KG,34.99,35.052,IH0069,IH,69,12,102,19750,4,1,60,66,6,76,2019,161500,161500,7.2,11566,12,0.062,0.37200000000000005,10013.0,717.092,3,7,0.062117
45,IH0069-KG,35.052,35.159,IH0069,IH,69,12,102,19750,4,1,60,26,6,104,2019,161500,161500,7.2,11566,12,0.107,0.642,17280.5,1237.562,3,8,0.107176
46,IH0069-KG,35.159,35.223,IH0069,IH,69,12,102,19750,4,1,60,70,6,104,2019,161500,161500,7.2,11566,12,0.064,0.384,10336.0,740.2239999999999,3,9,0.064092
47,IH0069-KG,35.223,35.257,IH0069,IH,69,12,102,19750,4,1,60,38,8,96,2019,161500,161500,7.2,11566,12,0.034,0.272,5491.0,393.244,3,10,0.034058
48,IH0069-KG,35.257,35.303000000000004,IH0069,IH,69,12,102,19750,4,1,60,38,8,96,2019,161500,161500,7.2,11566,12,0.046,0.368,7429.0,532.036,3,11,0.046107
49,IH0069-KG,35.303000000000004,35.859,IH0069,IH,69,12,102,19750,4,1,60,38,8,96,2019,161500,161500,7.2,11566,12,0.556,4.448,89794.0,6430.696,3,12,0.556941
50,IH0069-KG,35.859,36.184,IH0069,IH,69,12,102,19750,4,1,60,38,8,96,2019,161500,161500,7.2,11566,12,0.325,2.6,52487.5,3758.95,3,13,0.32554
51,IH0069-KG,36.184,36.302,IH0069,IH,69,12,102,19750,4,1,60,24,8,104,2019,161500,161500,7.2,11566,12,0.11800000000000001,0.9440000000000001,19057.0,1364.7879999999998,3,14,0.118246
52,IH0069-KG,36.302,36.313,IH0069,IH,69,12,102,19750,4,1,60,24,8,104,2019,161500,161500,7.2,11566,12,0.011000000000000001,0.08800000000000001,1776.5,127.226,3,15,0.011021
53,IH0069-KG,36.313,36.408,IH0069,IH,69,12,102,19750,4,1,60,24,8,104,2019,161500,161500,7.2,11566,12,0.095,0.76,15342.5,1098.77,3,16,0.095175
54,IH0069-KG,36.408,36.79,IH0069,IH,69,12,102,19750,4,1,60,24,8,104,2019,106640,106640,9.0,9582,12,0.382,3.056,40736.48,3660.324,3,17,0.38266100000000003
55,IH0069-KG,36.79,36.912,IH0069,IH,69,12,102,19750,4,1,60,24,8,104,2019,106640,106640,9.0,9582,12,0.122,0.976,13010.08,1169.004,3,18,0.12219000000000001
56,IH0069-KG,36.912,36.921,IH0069,IH,69,12,102,19750,4,1,60,24,6,104,2019,106640,106640,9.0,9582,12,0.009000000000000001,0.054000000000000006,959.76,86.238,3,19,0.008994
57,IH0069-KG,36.921,37.031,IH0069,IH,69,12,102,19750,4,1,55,24,6,104,2019,106640,106640,9.0,9582,12,0.11,0.66,11730.4,1054.02,3,20,0.11023699999999999
58,IH0069-KG,37.031,37.158,IH0069,IH,69,12,102,19750,4,1,60,65,8,104,2019,106640,106640,9.0,9582,12,0.127,1.016,13543.28,1216.914,3,21,0.127203
59,IH0069-KG,37.158,37.165,IH0069,IH,69,12,102,19750,4,1,60,65,8,104,2019,162215,162215,7.1,11591,12,0.006999999999999999,0.055999999999999994,1135.505,81.137,3,22,0.007006999999999999
60,IH0045-KG,40.598,40.82,IH0045,IH,45,12,102,19750,4,1,60,46,8,96,2019,183783,183783,8.4,15374,12,0.222,1.776,40799.826,3413.028,4,1,0.222534
61,IH0045-KG,40.82,40.977,IH0045,IH,45,12,102,19750,4,1,60,20,8,120,2019,183783,183783,8.4,15374,15,0.157,1.256,28853.931,2413.718,4,2,0.15679400000000002
62,IH0045-KG,40.977,41.235,IH0045,IH,45,12,102,19750,4,1,60,20,8,120,2019,183783,183783,8.4,15374,15,0.258,2.064,47416.014,3966.492,4,3,0.258141
63,IH0045-KG,41.235,41.309,IH0045,IH,45,12,102,19750,4,1,60,20,8,120,2019,183783,183783,8.4,15374,15,0.07400000000000001,0.5920000000000001,13599.942,1137.6760000000002,4,4,0.074139
64,IH0045-KG,41.309,41.544,IH0045,IH,45,12,102,19750,4,1,60,20,8,120,2019,183783,183783,8.4,15374,15,0.235,1.88,43189.005,3612.89,4,5,0.23544
65,IH0045-KG,41.544,41.951,IH0045,IH,45,12,102,19750,4,1,55,20,8,120,2019,183783,183783,8.4,15374,15,0.40700000000000003,3.2560000000000002,74799.681,6257.218000000001,4,6,0.407776
66,IH0045-KG,41.951,42.027,IH0045,IH,45,12,102,19750,4,1,55,20,8,120,2019,183783,183783,8.4,15374,15,0.076,0.608,13967.508,1168.424,4,7,0.076209
67,IH0045-KG,42.027,42.159,IH0045,IH,45,12,102,19750,4,1,55,20,8,120,2019,183783,183783,8.4,15374,15,0.132,1.056,24259.356,2029.368,4,8,0.13236199999999998
68,IH0045-KG,42.159,42.923,IH0045,IH,45,12,102,19750,4,1,55,20,8,120,2019,183783,183783,8.4,15374,15,0.764,6.112,140410.212,11745.736,4,9,0.765139
69,IH0045-KG,42.923,43.278999999999996,IH0045,IH,45,12,102,19750,4,1,55,20,6,72,2019,183783,183783,8.4,15374,12,0.35600000000000004,2.136,65426.748,5473.144,4,10,0.357202
70,IH0045-KG,43.278999999999996,44.905,IH0045,IH,45,12,102,19750,4,1,55,20,8,120,2019,183783,183783,8.4,15374,15,1.626,13.008,298831.158,24998.124,4,11,1.6278350000000001
71,IH0045-KG,44.905,44.992,IH0045,IH,45,12,102,19750,4,1,60,6,6,72,2019,183783,183783,8.4,15374,12,0.087,0.522,15989.121000000001,1337.5379999999998,4,12,0.087148
72,IH0045-KG,44.992,45.614,IH0045,IH,45,12,102,19750,4,1,60,6,6,72,2019,204123,204123,7.9,16148,12,0.622,3.7319999999999998,126964.506,10044.056,4,13,0.62337
73,IH0045-KG,45.614,45.821000000000005,IH0045,IH,45,12,102,19750,4,1,60,6,6,72,2019,187673,187673,8.3,15522,12,0.207,1.242,38848.311,3213.054,4,14,0.207317
74,IH0045-KG,45.821000000000005,45.926,IH0045,IH,45,12,102,19750,4,1,60,6,6,72,2019,187673,187673,8.3,15522,12,0.105,0.63,19705.665,1629.81,4,15,0.105314
75,IH0045-KG,45.926,46.022,IH0045,IH,45,12,102,19750,4,1,60,6,6,72,2019,187673,187673,8.3,15522,12,0.096,0.5760000000000001,18016.608,1490.112,4,16,0.09635
76,IH0045-KG,46.022,46.104,IH0045,IH,45,12,102,19750,4,1,60,6,6,72,2019,187673,187673,8.3,15522,12,0.08199999999999999,0.49200000000000005,15389.186000000002,1272.8039999999999,4,17,0.082423
77,IH0045-KG,46.104,46.211999999999996,IH0045,IH,45,12,102,19750,4,1,60,6,6,72,2019,230232,230232,7.4,17141,12,0.10800000000000001,0.648,24865.056,1851.2279999999998,4,18,0.107629
78,IH0045-KG,46.211999999999996,46.62,IH0045,IH,45,12,102,19750,4,1,60,48,8,100,2019,230232,230232,7.4,17141,12,0.408,3.264,93934.656,6993.528,4,19,0.408868
79,IH0045-KG,46.62,47.051,IH0045,IH,45,12,102,19750,4,1,60,48,8,100,2019,230232,230232,7.4,17141,12,0.431,3.448,99229.992,7387.771,4,20,0.43215299999999995
80,IH0045-KG,47.051,47.867,IH0045,IH,45,12,102,19750,4,1,60,3,8,98,2019,230232,230232,7.4,17141,12,0.816,6.528,187869.312,13987.056,4,21,0.817331
81,IH0045-KG,47.867,47.903,IH0045,IH,45,12,102,19750,4,1,60,3,8,120,2019,230232,230232,7.4,17141,14,0.036000000000000004,0.28800000000000003,8288.351999999999,617.076,4,22,0.036065
82,IH0045-KG,47.903,48.31399999999999,IH0045,IH,45,12,102,19750,4,1,60,3,10,134,2019,230232,230232,7.4,17141,11,0.41100000000000003,4.11,94625.352,7044.951,4,23,0.411467
83,IH0045-KG,48.31399999999999,48.49,IH0045,IH,45,12,102,19750,4,1,60,3,8,99,2019,230232,230232,7.4,17141,11,0.17600000000000002,1.4080000000000001,40520.832,3016.816,4,24,0.176368
84,IH0010-KG,751.727,751.9119999999999,IH0010,IH,10,12,102,19750,4,1,55,40,6,72,2019,229682,229682,8.6,19863,12,0.185,1.11,42491.17,3674.655,5,1,0.185444
85,IH0010-KG,751.9119999999999,753.557,IH0010,IH,10,12,102,19750,4,1,55,40,6,72,2019,229682,229682,8.6,19863,12,1.645,9.87,377826.89,32674.635,5,2,1.6479700000000002
86,IH0010-KG,753.557,753.904,IH0010,IH,10,12,102,19750,4,1,55,40,6,72,2019,313693,313693,7.4,23271,12,0.34700000000000003,2.082,108851.47099999999,8075.036999999999,5,3,0.34738800000000003
87,IH0010-KG,753.904,754.296,IH0010,IH,10,12,102,19750,4,1,55,20,7,97,2019,313693,313693,7.4,23271,12,0.392,2.7439999999999998,122967.656,9122.232,5,4,0.392542
88,IH0010-KG,754.296,755.187,IH0010,IH,10,12,102,19750,4,1,60,20,6,86,2019,313693,313693,7.4,23271,12,0.8909999999999999,5.346,279500.463,20734.461,5,5,0.8922200000000001
89,IH0010-KG,755.187,755.189,IH0010,IH,10,12,102,19750,4,1,60,20,6,86,2019,312068,312068,6.0,18685,12,0.002,0.012,624.136,37.37,5,6,0.0020109999999999998
90,IH0610-KG,11.62,11.620999999999999,IH0610,IH,610,12,102,19750,4,1,55,32,8,98,2019,195292,195292,5.7,11212,12,0.001,0.008,195.292,11.212,6,1,0.001001
91,IH0610-KG,11.620999999999999,11.829,IH0610,IH,610,12,102,19750,4,1,55,32,8,98,2019,195292,195292,5.7,11212,12,0.20800000000000002,1.6640000000000001,40620.736000000004,2332.096,6,2,0.208375
92,IH0610-KG,11.829,11.867,IH0610,IH,610,12,102,19750,4,1,55,32,8,98,2019,195292,195292,5.7,11212,12,0.038,0.304,7421.096,426.056,6,3,0.038105
93,IH0610-KG,11.867,12.227,IH0610,IH,610,12,102,19750,4,1,55,32,8,98,2019,195292,195292,5.7,11212,12,0.36,2.88,70305.12,4036.32,6,4,0.360574
94,IH0610-KG,12.227,12.945,IH0610,IH,610,12,102,19750,4,1,60,22,12,144,2019,195292,195292,5.7,11212,12,0.718,8.616,140219.656,8050.215999999999,6,5,0.719191
95,IH0610-KG,12.945,12.950999999999999,IH0610,IH,610,12,102,19750,4,1,60,22,12,144,2019,195292,195292,5.7,11212,12,0.006,0.07200000000000001,1171.752,67.27199999999999,6,6,0.006012
96,IH0610-KG,12.950999999999999,13.276,IH0610,IH,610,12,102,19750,4,1,60,22,12,144,2019,195292,195292,5.7,11212,12,0.325,3.9,63469.9,3643.9,6,7,0.32555100000000003
97,IH0610-KG,13.276,13.654000000000002,IH0610,IH,610,12,102,19750,4,1,60,22,12,144,2019,180951,180951,9.3,16839,12,0.37799999999999995,4.5360000000000005,68399.478,6365.142,6,8,0.3787
98,IH0610-KG,13.654000000000002,15.706,IH0610,IH,610,12,102,19750,4,1,60,26,8,96,2019,180951,180951,9.3,16839,12,2.052,16.416,371311.45200000005,34553.628,6,9,2.0554740000000002
99,IH0610-KG,15.706,17.694000000000003,IH0610,IH,610,12,102,19750,4,1,60,26,8,96,2019,198443,198443,8.9,17624,12,1.9880000000000002,15.904000000000002,394504.684,35036.512,6,10,1.991442
100,IH0610-KG,17.694000000000003,17.785,IH0610,IH,610,12,102,19750,4,1,60,44,8,96,2019,198443,198443,8.9,17624,12,0.091,0.728,18058.313000000002,1603.7839999999999,6,11,0.09115
101,IH0610-KG,17.785,17.84,IH0610,IH,610,12,102,19750,4,1,60,44,8,96,2019,198443,198443,8.9,17624,12,0.055,0.44,10914.365,969.32,6,12,0.05507000000000001
102,IH0610-KG,17.84,17.840999999999998,IH0610,IH,610,12,102,19750,4,1,60,44,8,96,2019,181993,181993,9.3,16887,12,0.001,0.008,181.993,16.887,6,13,0.000901
103,IH0045-KG,51.6,51.725,IH0045,IH,45,12,102,19750,4,1,60,26,10,120,2019,250224,250224,6.3,15864,12,0.125,1.25,31278.0,1983.0,7,1,0.12567
104,IH0045-KG,51.725,52.051,IH0045,IH,45,12,102,19750,4,1,60,26,8,96,2019,250224,250224,6.3,15864,12,0.326,2.608,81573.024,5171.664000000001,7,2,0.32666999999999996
105,IH0045-KG,52.051,54.018,IH0045,IH,45,12,102,19750,4,1,60,26,8,96,2019,250224,250224,6.3,15864,12,1.9669999999999999,15.735999999999999,492190.60799999995,31204.487999999998,7,3,1.9705990000000002
106,IH0045-KG,54.018,54.833,IH0045,IH,45,12,102,19750,4,1,60,26,8,96,2019,224635,224635,6.7,14998,12,0.815,6.52,183077.525,12223.37,7,4,0.8163020000000001
107,IH0045-KG,54.833,55.13399999999999,IH0045,IH,45,12,102,19750,4,1,60,26,8,96,2019,224635,224635,6.7,14998,12,0.301,2.408,67615.135,4514.398,7,5,0.301628
108,IH0045-KG,55.13399999999999,55.451,IH0045,IH,45,12,102,19750,4,1,60,26,8,96,2019,242640,242640,6.4,15607,12,0.317,2.536,76916.88,4947.419,7,6,0.317302
109,IH0045-KG,55.451,55.463,IH0045,IH,45,12,102,19750,4,1,60,28,8,120,2019,242640,242640,6.4,15607,12,0.012,0.096,2911.68,187.28400000000002,7,7,0.012013
110,IH0045-KG,55.463,56.516000000000005,IH0045,IH,45,12,102,19750,4,1,60,28,8,172,2019,242640,242640,6.4,15607,15,1.053,8.424,255499.92,16434.171000000002,7,8,1.054577
111,IH0045-KG,56.516000000000005,56.516999999999996,IH0045,IH,45,12,102,19750,4,1,60,28,8,172,2019,256245,256245,6.3,16064,15,0.001,0.008,256.245,16.064,7,9,0.000993
112,IH0045-KG,56.516999999999996,57.925,IH0045,IH,45,12,102,19750,4,1,60,28,8,172,2019,256245,256245,6.3,16064,15,1.4080000000000001,11.264000000000001,360792.96,22618.112,7,10,1.410717
113,IH0045-KG,57.925,57.946999999999996,IH0045,IH,45,12,102,19750,4,1,60,28,8,172,2019,257348,257348,6.3,16104,15,0.022000000000000002,0.17600000000000002,5661.656,354.288,7,11,0.022031
114,IH0045-KG,57.946999999999996,59.781000000000006,IH0045,IH,45,12,102,19750,4,1,60,28,8,172,2019,257348,257348,6.3,16104,15,1.834,14.672,471976.232,29534.736,7,12,1.8372419999999998
115,IH0045-KG,59.781000000000006,60.857,IH0045,IH,45,12,102,19750,4,1,60,40,8,96,2019,257348,257348,6.3,16104,12,1.0759999999999998,8.607999999999999,276906.44800000003,17327.904,7,13,1.077969
116,IH0045-KG,60.857,60.858000000000004,IH0045,IH,45,12,102,19750,4,1,60,40,8,96,2019,278232,278232,6.7,18671,12,0.001,0.008,278.232,18.671,7,14,0.000999
117,IH0045-KG,60.858000000000004,60.96,IH0045,IH,45,12,102,19750,4,1,60,40,8,96,2019,278232,278232,6.7,18671,12,0.102,0.816,28379.664,1904.442,7,15,0.102211
118,IH0010-KG,767.4580000000001,767.544,IH0010,IH,10,12,102,19750,4,1,55,40,8,96,2019,125804,125804,8.2,10339,12,0.086,0.688,10819.143999999998,889.154,8,1,0.086092
119,IH0010-KG,767.544,767.925,IH0010,IH,10,12,102,19750,4,1,55,40,8,96,2019,168987,168987,10.5,17764,12,0.381,3.048,64384.047,6768.084,8,2,0.38152600000000003
120,IH0010-KG,767.925,768.0169999999999,IH0010,IH,10,12,102,19750,4,1,55,20,6,92,2019,168987,168987,10.5,17764,11,0.092,0.552,15546.803999999998,1634.2879999999998,8,3,0.09220700000000001
121,IH0010-KG,768.0169999999999,768.2280000000001,IH0010,IH,10,12,102,19750,4,1,55,20,6,86,2019,168987,168987,10.5,17764,12,0.21100000000000002,1.266,35656.257000000005,3748.204,8,4,0.21124899999999996
122,IH0010-KG,768.2280000000001,768.324,IH0010,IH,10,12,102,19750,4,1,55,40,8,96,2019,168987,168987,10.5,17764,12,0.096,0.768,16222.752,1705.344,8,5,0.09599400000000001
123,IH0010-KG,768.324,769.028,IH0010,IH,10,12,102,19750,4,1,55,40,8,96,2019,168987,168987,10.5,17764,12,0.7040000000000001,5.632000000000001,118966.84800000001,12505.856000000002,8,6,0.70592
124,IH0010-KG,769.028,769.03,IH0010,IH,10,12,102,19750,4,1,55,40,8,96,2019,184317,184317,10.1,18578,12,0.002,0.016,368.634,37.156,8,7,0.002014
125,IH0010-KG,755.189,757.346,IH0010,IH,10,12,102,19750,4,1,60,20,6,86,2019,312068,312068,6.0,18685,12,2.157,12.942,673130.676,40303.545,9,1,2.161539
126,IH0010-KG,757.346,757.765,IH0010,IH,10,12,102,19750,4,1,60,20,6,86,2019,312068,312068,6.0,18685,12,0.419,2.5140000000000002,130756.492,7829.015,9,2,0.419558
127,IH0010-KG,757.765,758.1080000000001,IH0010,IH,10,12,102,40500,4,1,60,20,6,86,2019,312068,312068,6.0,18685,12,0.34299999999999997,2.0580000000000003,107039.32400000001,6408.955,9,3,0.34363499999999997
128,IH0010-KG,758.1080000000001,758.944,IH0010,IH,10,12,102,40500,4,1,60,20,6,86,2019,312068,312068,6.0,18685,12,0.836,5.016,260888.848,15620.66,9,4,0.837242
129,IH0010-KG,758.944,759.056,IH0010,IH,10,12,102,40500,4,1,60,50,12,144,2019,312068,312068,6.0,18685,12,0.11199999999999999,1.344,34951.616,2092.72,9,5,0.111955
130,IH0010-KG,759.056,759.487,IH0010,IH,10,12,102,40500,4,1,60,50,12,144,2019,320892,320892,5.9,18946,12,0.431,5.172000000000001,138304.452,8165.726,9,6,0.43172299999999997
131,IH0010-KG,759.487,759.5930000000001,IH0010,IH,10,12,102,40500,4,1,60,20,8,123,2019,320892,320892,5.9,18946,11,0.106,0.848,34014.552,2008.276,9,7,0.10624600000000001
132,IH0010-KG,759.5930000000001,759.788,IH0010,IH,10,12,102,40500,4,1,55,20,8,123,2019,320892,320892,5.9,18946,11,0.195,1.56,62573.94,3694.47,9,8,0.195901
133,IH0010-KG,759.788,760.097,IH0010,IH,10,12,102,19750,4,1,55,20,8,123,2019,320892,320892,5.9,18946,11,0.309,2.472,99155.62800000001,5854.314,9,9,0.30921
134,IH0010-KG,760.097,760.185,IH0010,IH,10,12,102,19750,4,1,55,20,8,123,2019,320892,320892,5.9,18946,11,0.08800000000000001,0.7040000000000001,28238.496,1667.2479999999998,9,10,0.08805
135,IH0010-KG,760.185,760.6010000000001,IH0010,IH,10,12,102,19750,4,1,55,4,10,156,2019,320892,320892,5.9,18946,12,0.41600000000000004,4.16,133491.072,7881.536,9,11,0.41643100000000005
136,IH0010-KG,760.6010000000001,760.7860000000001,IH0010,IH,10,12,102,19750,4,1,55,20,10,154,2019,320892,320892,5.9,18946,12,0.185,1.85,59365.02,3505.01,9,12,0.185412
137,IH0010-KG,760.7860000000001,760.828,IH0010,IH,10,12,102,19750,4,1,55,20,10,154,2019,320892,320892,5.9,18946,12,0.042,0.42,13477.464,795.732,9,13,0.042065
138,IH0010-KG,760.828,761.17,IH0010,IH,10,12,102,19750,4,1,55,40,10,124,2019,320892,320892,5.9,18946,12,0.342,3.42,109745.064,6479.531999999999,9,14,0.342416
139,IH0010-KG,761.17,761.6560000000001,IH0010,IH,10,12,102,19750,4,1,55,40,10,120,2019,320892,320892,5.9,18946,12,0.486,4.86,155953.512,9207.756,9,15,0.48718100000000003
140,IH0010-KG,761.6560000000001,761.804,IH0010,IH,10,12,102,19750,4,1,55,40,10,120,2019,320892,320892,5.9,18946,12,0.14800000000000002,1.48,47492.015999999996,2804.008,9,16,0.148608
141,IH0010-KG,761.804,761.806,IH0010,IH,10,12,102,19750,4,1,55,40,10,120,2019,273454,273454,6.4,17544,12,0.002,0.02,546.908,35.088,9,17,0.002009
142,IH0045-KG,48.891999999999996,49.313,IH0045,IH,45,12,102,19750,4,1,60,26,8,104,2019,208379,208379,4.8,10094,12,0.42100000000000004,3.3680000000000003,87727.55900000001,4249.5740000000005,10,1,0.42158500000000004
143,IH0045-KG,49.313,49.843,IH0045,IH,45,12,102,19750,4,1,60,26,8,104,2019,208555,208555,4.8,10098,12,0.53,4.24,110534.15,5351.94,10,2,0.531486
144,IH0045-KG,49.843,50.0,IH0045,IH,45,12,102,19750,4,1,55,26,10,134,2019,208555,208555,4.8,10098,11,0.157,1.57,32743.135,1585.386,10,3,0.15729300000000002
145,IH0045-KG,50.0,50.038999999999994,IH0045,IH,45,12,102,19750,4,1,60,22,10,134,2019,208555,208555,4.8,10098,11,0.039,0.39,8133.645,393.82199999999995,10,4,0.038949
146,IH0045-KG,50.038999999999994,50.129,IH0045,IH,45,12,102,19750,4,1,60,22,6,82,2019,208555,208555,4.8,10098,12,0.09,0.54,18769.95,908.82,10,5,0.090002
147,IH0045-KG,50.129,50.235,IH0045,IH,45,12,102,19750,4,1,60,22,6,82,2019,208555,208555,4.8,10098,12,0.106,0.636,22106.83,1070.388,10,6,0.106326
148,IH0045-KG,50.235,50.236000000000004,IH0045,IH,45,12,102,19750,4,1,60,22,6,72,2019,208555,208555,4.8,10098,12,0.001,0.006,208.555,10.097999999999999,10,7,0.001003
149,IH0045-KG,50.236000000000004,50.482,IH0045,IH,45,12,102,19750,4,1,60,22,6,72,2019,208555,208555,4.8,10098,12,0.24600000000000002,1.476,51304.53,2484.1079999999997,10,8,0.246456
150,IH0045-KG,50.482,51.599,IH0045,IH,45,12,102,19750,4,1,60,26,10,120,2019,208555,208555,4.8,10098,12,1.117,11.17,232955.935,11279.466,10,9,1.118459
151,IH0045-KG,51.599,51.6,IH0045,IH,45,12,102,19750,4,1,60,26,10,120,2019,208555,208555,4.8,10098,12,0.001,0.01,208.555,10.097999999999999,10,10,0.001
